axis,model,steps,dt,replications,parameter,truth,mean_estimate,bias,relative_bias,spread,root_mean_square_error,bias_standard_error,bias_in_standard_errors
grid_refinement,diffusion,100,0.1,400,drift,0.4,0.406518,0.006518,0.016296,0.231813,0.231904,0.011591,0.562
grid_refinement,diffusion,100,0.1,400,volatility,0.8,0.788818,-0.011182,-0.013977,0.055246,0.056367,0.002762,-4.048
grid_refinement,diffusion,200,0.05,400,drift,0.4,0.388051,-0.011949,-0.029872,0.247693,0.247981,0.012385,-0.965
grid_refinement,diffusion,200,0.05,400,volatility,0.8,0.795539,-0.004461,-0.005576,0.037765,0.038027,0.001888,-2.363
grid_refinement,diffusion,400,0.025,400,drift,0.4,0.374545,-0.025455,-0.063637,0.256489,0.257749,0.012824,-1.985
grid_refinement,diffusion,400,0.025,400,volatility,0.8,0.797564,-0.002436,-0.003045,0.028548,0.028651,0.001427,-1.706
grid_refinement,diffusion,800,0.0125,400,drift,0.4,0.373004,-0.026996,-0.067491,0.269234,0.270584,0.013462,-2.005
grid_refinement,diffusion,800,0.0125,400,volatility,0.8,0.798573,-0.001427,-0.001783,0.020387,0.020437,0.001019,-1.4
grid_refinement,diffusion,1600,0.00625,400,drift,0.4,0.388585,-0.011415,-0.028536,0.245955,0.24622,0.012298,-0.928
grid_refinement,diffusion,1600,0.00625,400,volatility,0.8,0.799064,-0.000936,-0.00117,0.015013,0.015042,0.000751,-1.247
grid_refinement,diffusion,3200,0.003125,400,drift,0.4,0.405002,0.005002,0.012504,0.245265,0.245316,0.012263,0.408
grid_refinement,diffusion,3200,0.003125,400,volatility,0.8,0.799774,-0.000226,-0.000282,0.010737,0.010739,0.000537,-0.421
grid_refinement,ornstein_uhlenbeck,100,0.1,400,reversion_rate,1.5,1.726566,0.226566,0.151044,0.581247,0.623844,0.029062,7.796
grid_refinement,ornstein_uhlenbeck,100,0.1,400,level,0.7,0.699231,-0.000769,-0.001099,0.117422,0.117425,0.005871,-0.131
grid_refinement,ornstein_uhlenbeck,100,0.1,400,volatility,0.6,0.546502,-0.053498,-0.089164,0.038414,0.065861,0.001921,-27.854
grid_refinement,ornstein_uhlenbeck,200,0.05,400,reversion_rate,1.5,1.837968,0.337968,0.225312,0.618528,0.70484,0.030926,10.928
grid_refinement,ornstein_uhlenbeck,200,0.05,400,level,0.7,0.688483,-0.011517,-0.016453,0.125827,0.126353,0.006291,-1.831
grid_refinement,ornstein_uhlenbeck,200,0.05,400,volatility,0.6,0.573107,-0.026893,-0.044822,0.027486,0.038454,0.001374,-19.568
grid_refinement,ornstein_uhlenbeck,400,0.025,400,reversion_rate,1.5,1.894575,0.394575,0.26305,0.659542,0.76856,0.032977,11.965
grid_refinement,ornstein_uhlenbeck,400,0.025,400,level,0.7,0.682802,-0.017198,-0.024568,0.129268,0.130407,0.006463,-2.661
grid_refinement,ornstein_uhlenbeck,400,0.025,400,volatility,0.6,0.586131,-0.013869,-0.023114,0.021061,0.025217,0.001053,-13.17
grid_refinement,ornstein_uhlenbeck,800,0.0125,400,reversion_rate,1.5,1.827037,0.327037,0.218025,0.579224,0.665172,0.028961,11.292
grid_refinement,ornstein_uhlenbeck,800,0.0125,400,level,0.7,0.682702,-0.017298,-0.024711,0.136301,0.137394,0.006815,-2.538
grid_refinement,ornstein_uhlenbeck,800,0.0125,400,volatility,0.6,0.592967,-0.007033,-0.011721,0.015147,0.0167,0.000757,-9.285
grid_refinement,ornstein_uhlenbeck,1600,0.00625,400,reversion_rate,1.5,1.832927,0.332927,0.221951,0.603606,0.689333,0.03018,11.031
grid_refinement,ornstein_uhlenbeck,1600,0.00625,400,level,0.7,0.690585,-0.009415,-0.013449,0.123809,0.124166,0.00619,-1.521
grid_refinement,ornstein_uhlenbeck,1600,0.00625,400,volatility,0.6,0.596296,-0.003704,-0.006173,0.011209,0.011805,0.00056,-6.609
grid_refinement,ornstein_uhlenbeck,3200,0.003125,400,reversion_rate,1.5,1.832605,0.332605,0.221736,0.576182,0.665291,0.028809,11.545
grid_refinement,ornstein_uhlenbeck,3200,0.003125,400,level,0.7,0.698423,-0.001577,-0.002253,0.122793,0.122803,0.00614,-0.257
grid_refinement,ornstein_uhlenbeck,3200,0.003125,400,volatility,0.6,0.598331,-0.001669,-0.002781,0.008027,0.008198,0.000401,-4.158
grid_refinement,jump_diffusion,100,0.1,400,drift,0.0,0.016128,0.016128,,0.182884,0.183594,0.009144,1.764
grid_refinement,jump_diffusion,100,0.1,400,volatility,0.5,0.534308,0.034308,0.068616,0.052092,0.062374,0.002605,13.172
grid_refinement,jump_diffusion,100,0.1,400,jump_intensity,0.8,0.43375,-0.36625,-0.457813,0.198081,0.416383,0.009904,-36.98
grid_refinement,jump_diffusion,200,0.05,400,drift,0.0,0.000105,0.000105,,0.162777,0.162777,0.008139,0.013
grid_refinement,jump_diffusion,200,0.05,400,volatility,0.5,0.507728,0.007728,0.015455,0.028533,0.029561,0.001427,5.417
grid_refinement,jump_diffusion,200,0.05,400,jump_intensity,0.8,0.54975,-0.25025,-0.312813,0.229674,0.339669,0.011484,-21.792
grid_refinement,jump_diffusion,400,0.025,400,drift,0.0,0.005267,0.005267,,0.158437,0.158525,0.007922,0.665
grid_refinement,jump_diffusion,400,0.025,400,volatility,0.5,0.502824,0.002824,0.005648,0.018677,0.018889,0.000934,3.024
grid_refinement,jump_diffusion,400,0.025,400,jump_intensity,0.8,0.61575,-0.18425,-0.230313,0.224337,0.290302,0.011217,-16.426
grid_refinement,jump_diffusion,800,0.0125,400,drift,0.0,0.008555,0.008555,,0.15712,0.157352,0.007856,1.089
grid_refinement,jump_diffusion,800,0.0125,400,volatility,0.5,0.500907,0.000907,0.001814,0.013318,0.013349,0.000666,1.362
grid_refinement,jump_diffusion,800,0.0125,400,jump_intensity,0.8,0.67075,-0.12925,-0.161562,0.264234,0.294151,0.013212,-9.783
grid_refinement,jump_diffusion,1600,0.00625,400,drift,0.0,-0.000368,-0.000368,,0.153538,0.153538,0.007677,-0.048
grid_refinement,jump_diffusion,1600,0.00625,400,volatility,0.5,0.500362,0.000362,0.000725,0.009129,0.009136,0.000456,0.794
grid_refinement,jump_diffusion,1600,0.00625,400,jump_intensity,0.8,0.733,-0.067,-0.08375,0.25399,0.262679,0.0127,-5.276
grid_refinement,jump_diffusion,3200,0.003125,400,drift,0.0,-0.002121,-0.002121,,0.156994,0.157008,0.00785,-0.27
grid_refinement,jump_diffusion,3200,0.003125,400,volatility,0.5,0.499469,-0.000531,-0.001061,0.006294,0.006316,0.000315,-1.686
grid_refinement,jump_diffusion,3200,0.003125,400,jump_intensity,0.8,0.7525,-0.0475,-0.059375,0.262381,0.266646,0.013119,-3.621
replication_precision,diffusion,400,0.025,50,drift,0.4,0.340537,-0.059463,-0.148658,0.217156,0.22515,0.030711,-1.936
replication_precision,diffusion,400,0.025,50,volatility,0.8,0.796221,-0.003779,-0.004723,0.027161,0.027422,0.003841,-0.984
replication_precision,diffusion,400,0.025,100,drift,0.4,0.363132,-0.036868,-0.092169,0.218377,0.221467,0.021838,-1.688
replication_precision,diffusion,400,0.025,100,volatility,0.8,0.79885,-0.00115,-0.001437,0.026164,0.026189,0.002616,-0.439
replication_precision,diffusion,400,0.025,200,drift,0.4,0.363979,-0.036021,-0.090053,0.246499,0.249117,0.01743,-2.067
replication_precision,diffusion,400,0.025,200,volatility,0.8,0.795319,-0.004681,-0.005852,0.028216,0.028602,0.001995,-2.346
replication_precision,diffusion,400,0.025,400,drift,0.4,0.374545,-0.025455,-0.063637,0.256489,0.257749,0.012824,-1.985
replication_precision,diffusion,400,0.025,400,volatility,0.8,0.797564,-0.002436,-0.003045,0.028548,0.028651,0.001427,-1.706
replication_precision,diffusion,400,0.025,800,drift,0.4,0.389913,-0.010087,-0.025217,0.261778,0.261973,0.009255,-1.09
replication_precision,diffusion,400,0.025,800,volatility,0.8,0.797157,-0.002843,-0.003554,0.028332,0.028475,0.001002,-2.838
replication_precision,ornstein_uhlenbeck,400,0.025,50,reversion_rate,1.5,1.831243,0.331243,0.220829,0.674261,0.751232,0.095355,3.474
replication_precision,ornstein_uhlenbeck,400,0.025,50,level,0.7,0.667431,-0.032569,-0.046528,0.111021,0.1157,0.015701,-2.074
replication_precision,ornstein_uhlenbeck,400,0.025,50,volatility,0.6,0.585091,-0.014909,-0.024848,0.01991,0.024873,0.002816,-5.295
replication_precision,ornstein_uhlenbeck,400,0.025,100,reversion_rate,1.5,1.851265,0.351265,0.234177,0.679831,0.765217,0.067983,5.167
replication_precision,ornstein_uhlenbeck,400,0.025,100,level,0.7,0.678216,-0.021784,-0.03112,0.110824,0.112945,0.011082,-1.966
replication_precision,ornstein_uhlenbeck,400,0.025,100,volatility,0.6,0.587038,-0.012962,-0.021603,0.019133,0.02311,0.001913,-6.774
replication_precision,ornstein_uhlenbeck,400,0.025,200,reversion_rate,1.5,1.918408,0.418408,0.278939,0.696694,0.81268,0.049264,8.493
replication_precision,ornstein_uhlenbeck,400,0.025,200,level,0.7,0.677924,-0.022076,-0.031537,0.125158,0.12709,0.00885,-2.494
replication_precision,ornstein_uhlenbeck,400,0.025,200,volatility,0.6,0.584338,-0.015662,-0.026103,0.020796,0.026034,0.00147,-10.651
replication_precision,ornstein_uhlenbeck,400,0.025,400,reversion_rate,1.5,1.894575,0.394575,0.26305,0.659542,0.76856,0.032977,11.965
replication_precision,ornstein_uhlenbeck,400,0.025,400,level,0.7,0.682802,-0.017198,-0.024568,0.129268,0.130407,0.006463,-2.661
replication_precision,ornstein_uhlenbeck,400,0.025,400,volatility,0.6,0.586131,-0.013869,-0.023114,0.021061,0.025217,0.001053,-13.17
replication_precision,ornstein_uhlenbeck,400,0.025,800,reversion_rate,1.5,1.826561,0.326561,0.217707,0.620376,0.701076,0.021934,14.889
replication_precision,ornstein_uhlenbeck,400,0.025,800,level,0.7,0.691476,-0.008524,-0.012177,0.13222,0.132495,0.004675,-1.823
replication_precision,ornstein_uhlenbeck,400,0.025,800,volatility,0.6,0.585955,-0.014045,-0.023408,0.020827,0.02512,0.000736,-19.074
replication_precision,jump_diffusion,400,0.025,50,drift,0.0,0.001729,0.001729,,0.165645,0.165654,0.023426,0.074
replication_precision,jump_diffusion,400,0.025,50,volatility,0.5,0.499809,-0.000191,-0.000383,0.021289,0.02129,0.003011,-0.064
replication_precision,jump_diffusion,400,0.025,50,jump_intensity,0.8,0.626,-0.174,-0.2175,0.227868,0.286705,0.032225,-5.399
replication_precision,jump_diffusion,400,0.025,100,drift,0.0,0.020544,0.020544,,0.157036,0.158375,0.015704,1.308
replication_precision,jump_diffusion,400,0.025,100,volatility,0.5,0.502188,0.002188,0.004376,0.019609,0.019731,0.001961,1.116
replication_precision,jump_diffusion,400,0.025,100,jump_intensity,0.8,0.626,-0.174,-0.2175,0.227868,0.286705,0.022787,-7.636
replication_precision,jump_diffusion,400,0.025,200,drift,0.0,0.002295,0.002295,,0.157984,0.158,0.011171,0.205
replication_precision,jump_diffusion,400,0.025,200,volatility,0.5,0.503458,0.003458,0.006916,0.019931,0.020229,0.001409,2.454
replication_precision,jump_diffusion,400,0.025,200,jump_intensity,0.8,0.6115,-0.1885,-0.235625,0.229821,0.297237,0.016251,-11.599
replication_precision,jump_diffusion,400,0.025,400,drift,0.0,0.005267,0.005267,,0.158437,0.158525,0.007922,0.665
replication_precision,jump_diffusion,400,0.025,400,volatility,0.5,0.502824,0.002824,0.005648,0.018677,0.018889,0.000934,3.024
replication_precision,jump_diffusion,400,0.025,400,jump_intensity,0.8,0.61575,-0.18425,-0.230313,0.224337,0.290302,0.011217,-16.426
replication_precision,jump_diffusion,400,0.025,800,drift,0.0,0.004104,0.004104,,0.158703,0.158756,0.005611,0.731
replication_precision,jump_diffusion,400,0.025,800,volatility,0.5,0.502884,0.002884,0.005767,0.019299,0.019514,0.000682,4.226
replication_precision,jump_diffusion,400,0.025,800,jump_intensity,0.8,0.62925,-0.17075,-0.213438,0.237686,0.29266,0.008403,-20.319
